{"cameraMode":{"drawMode":0,"name":"Shaded","section":"Shading Mode"},"sceneLighting":false,"audioPlay":false,"sceneViewState":{"showFog":true,"showMaterialUpdate":false,"showSkybox":false,"showFlares":true,"showImageEffects":true,"showParticleSystems":true},"in2DMode":false,"pivot":{"x":-1.908654808998108,"y":-0.05806475877761841,"z":1.0752944946289063},"rotation":{"x":0.18495236337184907,"y":-0.3714194595813751,"z":0.07596149295568466,"w":0.9066416621208191},"size":2.2994208335876467,"orthographic":false}