{"cameraMode":{"drawMode":0,"name":"Shaded","section":"Shading Mode"},"sceneLighting":false,"audioPlay":false,"sceneViewState":{"showFog":true,"showMaterialUpdate":false,"showSkybox":false,"showFlares":true,"showImageEffects":true,"showParticleSystems":true},"in2DMode":false,"pivot":{"x":0.00035762786865234375,"y":0.8824304342269898,"z":-0.08902060985565186},"rotation":{"x":-0.11333492398262024,"y":0.6316149830818176,"z":-0.09404247254133225,"w":-0.7611581087112427},"size":1.5590217113494874,"orthographic":false}